post_id,confusion_bucket,category,feature_name,feature_value,is_open_ended,confidence,evidence_span,rationale,llm_model,chunk_idx,batch_id,call_timestamp
bluesky_3c8989244dbf9d4054faebfcb95701071a906b3cf949bf9118ab035cba3dbf49,fn,topic_subject,primary_policy_domain,guns / assault weapons,False,0.99,gun lobbies,The post centers on gun lobbying and military-grade assault weapons.,gpt-5.5,3,fn/batch_0003,2026-07-16T04:11:57.406049+00:00
bluesky_3c8989244dbf9d4054faebfcb95701071a906b3cf949bf9118ab035cba3dbf49,fn,topic_subject,geographic_scope,national policy context implied,False,0.9,civilians,The discussion concerns weapons being available to civilians as a broad public-policy issue.,gpt-5.5,3,fn/batch_0003,2026-07-16T04:11:57.406049+00:00
bluesky_3c8989244dbf9d4054faebfcb95701071a906b3cf949bf9118ab035cba3dbf49,fn,semantic_content,causal_claim_present,Gun lobbies are claimed to have enabled military-grade weapons to enter civilian markets.,False,0.94,has use smoke and mirrors to get military grade weapons on the market,The sentence asserts a causal role for gun lobbies in market availability.,gpt-5.5,3,fn/batch_0003,2026-07-16T04:11:57.406049+00:00
bluesky_3c8989244dbf9d4054faebfcb95701071a906b3cf949bf9118ab035cba3dbf49,fn,semantic_content,conspiratorial_framing,deceptive manipulation by gun lobbies,False,0.92,smoke and mirrors,The phrase suggests hidden or deceptive tactics by a political actor.,gpt-5.5,3,fn/batch_0003,2026-07-16T04:11:57.406049+00:00
bluesky_3c8989244dbf9d4054faebfcb95701071a906b3cf949bf9118ab035cba3dbf49,fn,semantic_content,factual_assertion_vs_speculation,asserts that many assault weapons on the market are military grade,False,0.92,Military grade weapons,The post presents the claim as fact rather than speculation.,gpt-5.5,3,fn/batch_0003,2026-07-16T04:11:57.406049+00:00
bluesky_3c8989244dbf9d4054faebfcb95701071a906b3cf949bf9118ab035cba3dbf49,fn,pragmatics_intent,persuasion_or_argumentation,argues against civilian availability of assault weapons,False,0.9,smoke and mirrors,The post makes an argumentative claim about lobbying and weapons markets.,gpt-5.5,3,fn/batch_0003,2026-07-16T04:11:57.406049+00:00
bluesky_3c8989244dbf9d4054faebfcb95701071a906b3cf949bf9118ab035cba3dbf49,fn,target_directionality,criticized_actor_type,gun lobby / interest group,False,0.96,The gun lobbies,The gun lobby is explicitly blamed for the criticized outcome.,gpt-5.5,3,fn/batch_0003,2026-07-16T04:11:57.406049+00:00
bluesky_3c8989244dbf9d4054faebfcb95701071a906b3cf949bf9118ab035cba3dbf49,fn,target_directionality,mirror_shift_direction,mirror shifts criticism from gun lobbies to the radical left / anti-gun advocates,False,0.95,The radical left has used smoke and mirrors,The mirror retargets the accusation of deception from pro-gun lobbies to left-wing anti-gun actors.,gpt-5.5,3,fn/batch_0003,2026-07-16T04:11:57.406049+00:00
bluesky_3c8989244dbf9d4054faebfcb95701071a906b3cf949bf9118ab035cba3dbf49,fn,surface_lexical,approximate_token_length_band,medium,False,0.92,The gun lobbies   has use smoke and mirrors,The original is a single medium-length sentence of roughly thirty words.,gpt-5.5,3,fn/batch_0003,2026-07-16T04:11:57.406049+00:00
bluesky_3db3a7222fcdfe118436b6edc2694cda0429be6848ffeb8f0a98b26febe99a19,fn,topic_subject,primary_policy_domain,climate / energy,False,0.99,solar and wind,"The post discusses renewable energy, data centers, and global warming.",gpt-5.5,3,fn/batch_0003,2026-07-16T04:11:57.406049+00:00
bluesky_3db3a7222fcdfe118436b6edc2694cda0429be6848ffeb8f0a98b26febe99a19,fn,topic_subject,culture_war_topic_salience,climate and energy conflict,False,0.93,global warming,Climate and energy policy are presented as contested political issues.,gpt-5.5,3,fn/batch_0003,2026-07-16T04:11:57.406049+00:00
bluesky_3db3a7222fcdfe118436b6edc2694cda0429be6848ffeb8f0a98b26febe99a19,fn,semantic_content,causal_claim_present,data centers are said to contribute to global warming,False,0.93,data centers that also drive global warming,The post asserts that tolerating certain data centers worsens climate change.,gpt-5.5,3,fn/batch_0003,2026-07-16T04:11:57.406049+00:00
bluesky_3db3a7222fcdfe118436b6edc2694cda0429be6848ffeb8f0a98b26febe99a19,fn,semantic_content,policy_prescription_present,someone should stop actors undermining solar and wind,False,0.9,until someone stops them,The phrase implies intervention to halt the criticized behavior.,gpt-5.5,3,fn/batch_0003,2026-07-16T04:11:57.406049+00:00
bluesky_3db3a7222fcdfe118436b6edc2694cda0429be6848ffeb8f0a98b26febe99a19,fn,semantic_content,elite_vs_populist_framing,well-resourced actors opposed to renewables,False,0.9,enormous resources,The post contrasts powerful resource-rich opponents with the need for someone to stop them.,gpt-5.5,3,fn/batch_0003,2026-07-16T04:11:57.406049+00:00
bluesky_3db3a7222fcdfe118436b6edc2694cda0429be6848ffeb8f0a98b26febe99a19,fn,pragmatics_intent,persuasion_or_argumentation,argues that tolerating data centers does not address climate/energy obstruction,False,0.91,doesn't solve this problem,The post reasons about what does and does not solve the problem.,gpt-5.5,3,fn/batch_0003,2026-07-16T04:11:57.406049+00:00
bluesky_3db3a7222fcdfe118436b6edc2694cda0429be6848ffeb8f0a98b26febe99a19,fn,target_directionality,criticized_actor_type,anti-renewable energy actors,False,0.92,The people who want to kill solar and wind,The post criticizes people who seek to undermine solar and wind power.,gpt-5.5,3,fn/batch_0003,2026-07-16T04:11:57.406049+00:00
bluesky_3db3a7222fcdfe118436b6edc2694cda0429be6848ffeb8f0a98b26febe99a19,fn,target_directionality,mirror_shift_direction,mirror shifts criticism from anti-renewable actors to anti-fossil-fuel actors,False,0.94,want to kill oil and gas,The mirrored text reverses the target from opponents of solar/wind to opponents of oil/gas.,gpt-5.5,3,fn/batch_0003,2026-07-16T04:11:57.406049+00:00
bluesky_3db3a7222fcdfe118436b6edc2694cda0429be6848ffeb8f0a98b26febe99a19,fn,surface_lexical,informal_register_or_slang,idiomatic phrase 'white elephant',False,0.9,white elephant data centers,The post uses an informal idiom to characterize data centers.,gpt-5.5,3,fn/batch_0003,2026-07-16T04:11:57.406049+00:00
bluesky_3e7c85379592b4e041b0afdc95e2f1dee2cfec001c08abcd712df940a063198f,fn,topic_subject,primary_policy_domain,guns / gun reform,False,0.99,gun reform legislation,The post directly concerns gun reform legislation.,gpt-5.5,3,fn/batch_0003,2026-07-16T04:11:57.406049+00:00
bluesky_3e7c85379592b4e041b0afdc95e2f1dee2cfec001c08abcd712df940a063198f,fn,topic_subject,geographic_scope,US national / federal,False,0.95,House and Senate Republicans,References to the House and Senate place the issue in the US federal context.,gpt-5.5,3,fn/batch_0003,2026-07-16T04:11:57.406049+00:00
bluesky_3e7c85379592b4e041b0afdc95e2f1dee2cfec001c08abcd712df940a063198f,fn,surface_lexical,named_proper_nouns_density,multiple political proper nouns / party names,False,0.91,House and Senate Republicans,The text names congressional chambers and political parties.,gpt-5.5,3,fn/batch_0003,2026-07-16T04:11:57.406049+00:00
bluesky_3e7c85379592b4e041b0afdc95e2f1dee2cfec001c08abcd712df940a063198f,fn,semantic_content,factual_assertion_vs_speculation,conditional prediction about bipartisan support,False,0.96,Democrats will join them,The speaker predicts Democrats would support Republicans on gun reform.,gpt-5.5,3,fn/batch_0003,2026-07-16T04:11:57.406049+00:00
bluesky_3e7c85379592b4e041b0afdc95e2f1dee2cfec001c08abcd712df940a063198f,fn,semantic_content,normative_moral_language,gun reform described as sensible,False,0.92,sensible gun reform legislation,The adjective 'sensible' positively evaluates the proposed legislation.,gpt-5.5,3,fn/batch_0003,2026-07-16T04:11:57.406049+00:00
bluesky_3e7c85379592b4e041b0afdc95e2f1dee2cfec001c08abcd712df940a063198f,fn,semantic_content,policy_prescription_present,pass gun reform legislation,False,0.94,pass sensible gun reform legislation,The post explicitly discusses passing legislation.,gpt-5.5,3,fn/batch_0003,2026-07-16T04:11:57.406049+00:00
bluesky_3e7c85379592b4e041b0afdc95e2f1dee2cfec001c08abcd712df940a063198f,fn,pragmatics_intent,persuasion_or_argumentation,argues bipartisan support is available if Republicans act,False,0.9,I’m sure they will find 100% of Democrats will join them,The sentence is framed as an argument about legislative feasibility.,gpt-5.5,3,fn/batch_0003,2026-07-16T04:11:57.406049+00:00
bluesky_3e7c85379592b4e041b0afdc95e2f1dee2cfec001c08abcd712df940a063198f,fn,target_directionality,criticized_actor_type,"Republican federal legislators, implicitly pressured to act",False,0.91,House and Senate Republicans,Republicans are the addressed group whose action is presented as the condition for reform.,gpt-5.5,3,fn/batch_0003,2026-07-16T04:11:57.406049+00:00
bluesky_3e7c85379592b4e041b0afdc95e2f1dee2cfec001c08abcd712df940a063198f,fn,target_directionality,mirror_shift_direction,mirror shifts issue from Republican gun reform to Democratic border security,False,0.94,House and Senate Democrats,The mirror changes both the party target and the policy domain to Democrats and border security.,gpt-5.5,3,fn/batch_0003,2026-07-16T04:11:57.406049+00:00
bluesky_3e7c85379592b4e041b0afdc95e2f1dee2cfec001c08abcd712df940a063198f,fn,compositional_syntax,conditional_if_then_structure,if-clause followed by predicted support,False,0.98,If House and Senate Republicans would like to pass,The sentence uses an explicit conditional structure beginning with 'If'.,gpt-5.5,3,fn/batch_0003,2026-07-16T04:11:57.406049+00:00
bluesky_3f42053cc432bd58bb63a9ffbeb1c7bacc98b6c387dd0d6bcbe6ed358dd071e4,fn,surface_lexical,approximate_token_length_band,short,False,0.99,We have kids being gunned down everyday.,The original text is a very short single sentence.,gpt-5.5,3,fn/batch_0003,2026-07-16T04:11:57.406049+00:00
bluesky_3f42053cc432bd58bb63a9ffbeb1c7bacc98b6c387dd0d6bcbe6ed358dd071e4,fn,topic_subject,primary_policy_domain,gun violence,False,0.98,gunned down,The post references children being shot.,gpt-5.5,3,fn/batch_0003,2026-07-16T04:11:57.406049+00:00
bluesky_3f42053cc432bd58bb63a9ffbeb1c7bacc98b6c387dd0d6bcbe6ed358dd071e4,fn,semantic_content,victimhood_or_persecution_framing,children portrayed as ongoing victims of gun violence,False,0.96,kids being gunned down everyday,The post frames children as victims of repeated lethal violence.,gpt-5.5,3,fn/batch_0003,2026-07-16T04:11:57.406049+00:00
bluesky_3f42053cc432bd58bb63a9ffbeb1c7bacc98b6c387dd0d6bcbe6ed358dd071e4,fn,semantic_content,factual_assertion_vs_speculation,asserts daily occurrence of children being gunned down,False,0.95,everyday,The statement is presented as a factual assertion.,gpt-5.5,3,fn/batch_0003,2026-07-16T04:11:57.406049+00:00
bluesky_3f42053cc432bd58bb63a9ffbeb1c7bacc98b6c387dd0d6bcbe6ed358dd071e4,fn,semantic_content,normative_moral_language,morally charged depiction of children killed by guns,False,0.9,kids being gunned down,The phrase invokes a strong moral concern by emphasizing child victims.,gpt-5.5,3,fn/batch_0003,2026-07-16T04:11:57.406049+00:00
bluesky_3f42053cc432bd58bb63a9ffbeb1c7bacc98b6c387dd0d6bcbe6ed358dd071e4,fn,pragmatics_intent,venting_or_expressive,expressive alarm about child gun deaths,False,0.91,kids being gunned down everyday,The short sentence functions as an emotionally expressive statement.,gpt-5.5,3,fn/batch_0003,2026-07-16T04:11:57.406049+00:00
bluesky_3f42053cc432bd58bb63a9ffbeb1c7bacc98b6c387dd0d6bcbe6ed358dd071e4,fn,target_directionality,mirror_shift_direction,mirror shifts from child gun violence to anti-abortion framing,False,0.9,unborn babies being slaughtered,The mirror retargets the victimhood frame from school-age children to unborn babies.,gpt-5.5,3,fn/batch_0003,2026-07-16T04:11:57.406049+00:00
bluesky_3f881c29bcd3e75a7c237ceb2becf41198684178c4c8e4dd48a275a9013ee004,fn,surface_lexical,informal_register_or_slang,casual lowercase style with 'lol',False,0.96,got my concealed carry license renewed today lol,The post uses lowercase informal phrasing and slang.,gpt-5.5,3,fn/batch_0003,2026-07-16T04:11:57.406049+00:00
bluesky_3f881c29bcd3e75a7c237ceb2becf41198684178c4c8e4dd48a275a9013ee004,fn,surface_lexical,approximate_token_length_band,medium,False,0.92,"got my concealed carry license renewed today lol
i'm licensed",The post is a multi-line medium-length anecdote.,gpt-5.5,3,fn/batch_0003,2026-07-16T04:11:57.406049+00:00
bluesky_3f881c29bcd3e75a7c237ceb2becf41198684178c4c8e4dd48a275a9013ee004,fn,topic_subject,primary_policy_domain,guns / concealed carry licensing,False,0.99,concealed carry license,The post discusses licensing to carry weapons.,gpt-5.5,3,fn/batch_0003,2026-07-16T04:11:57.406049+00:00
bluesky_3f881c29bcd3e75a7c237ceb2becf41198684178c4c8e4dd48a275a9013ee004,fn,topic_subject,geographic_scope,US state policy,False,0.9,state policy,The speaker explicitly characterizes the issue as state policy.,gpt-5.5,3,fn/batch_0003,2026-07-16T04:11:57.406049+00:00
bluesky_3f881c29bcd3e75a7c237ceb2becf41198684178c4c8e4dd48a275a9013ee004,fn,semantic_content,contrastive_but_however_structure,no testing contrasted with permission to carry weapons,False,0.93,"haven't taken a single test, but i can carry 'em",The clause contrasts lack of testing with legal authorization to carry.,gpt-5.5,3,fn/batch_0003,2026-07-16T04:11:57.406049+00:00
bluesky_3f881c29bcd3e75a7c237ceb2becf41198684178c4c8e4dd48a275a9013ee004,fn,semantic_content,normative_moral_language,concealed-carry licensing policy described as reckless,False,0.96,seems reckless as a state policy,The word 'reckless' is a clear negative normative evaluation.,gpt-5.5,3,fn/batch_0003,2026-07-16T04:11:57.406049+00:00
bluesky_3f881c29bcd3e75a7c237ceb2becf41198684178c4c8e4dd48a275a9013ee004,fn,semantic_content,policy_prescription_present,implies testing/training should be required for concealed carry,False,0.94,"haven't taken a single test, but i can carry",The complaint about no test implies a policy standard for licensing.,gpt-5.5,3,fn/batch_0003,2026-07-16T04:11:57.406049+00:00
bluesky_3f881c29bcd3e75a7c237ceb2becf41198684178c4c8e4dd48a275a9013ee004,fn,pragmatics_intent,persuasion_or_argumentation,argues concealed-carry licensing is too lax,False,0.92,something about that seems reckless as a state policy,The post uses a personal example to argue about state policy.,gpt-5.5,3,fn/batch_0003,2026-07-16T04:11:57.406049+00:00
bluesky_3f881c29bcd3e75a7c237ceb2becf41198684178c4c8e4dd48a275a9013ee004,fn,compositional_syntax,rhetorical_question,rhetorical question about competence to use weapons,False,0.97,"like, who said i know how to shoot?",The question challenges the licensing premise rather than seeking information.,gpt-5.5,3,fn/batch_0003,2026-07-16T04:11:57.406049+00:00
bluesky_3f881c29bcd3e75a7c237ceb2becf41198684178c4c8e4dd48a275a9013ee004,fn,compositional_syntax,contrastive_but_however_structure,contrast with 'but',False,0.94,"haven't taken a single test, but i can carry 'em",The sentence explicitly uses 'but' to structure the contrast.,gpt-5.5,3,fn/batch_0003,2026-07-16T04:11:57.406049+00:00
bluesky_40f160fa859036558d58e093978dae80a4ab1190b913eadc304d66dcb98fc0a2,fn,surface_lexical,informal_register_or_slang,comic conversational phrasing and ellipsis,False,0.91,beagles... They scare me.,The post uses casual humorous wording and elliptical punctuation.,gpt-5.5,3,fn/batch_0003,2026-07-16T04:11:57.406049+00:00
bluesky_40f160fa859036558d58e093978dae80a4ab1190b913eadc304d66dcb98fc0a2,fn,topic_subject,primary_policy_domain,guns / background checks,False,0.98,buying shotguns,The post concerns shotgun purchases and background checks.,gpt-5.5,3,fn/batch_0003,2026-07-16T04:11:57.406049+00:00
bluesky_40f160fa859036558d58e093978dae80a4ab1190b913eadc304d66dcb98fc0a2,fn,semantic_content,causal_claim_present,lack of background checks leads to bad outcomes,False,0.95,what happens when we don't do background checks,The phrase presents background-check absence as the cause of a concerning example.,gpt-5.5,3,fn/batch_0003,2026-07-16T04:11:57.406049+00:00
bluesky_40f160fa859036558d58e093978dae80a4ab1190b913eadc304d66dcb98fc0a2,fn,semantic_content,normative_moral_language,fear-based negative evaluation of beagles with guns,False,0.93,They scare me.,The speaker expresses fear as a value-laden reaction.,gpt-5.5,3,fn/batch_0003,2026-07-16T04:11:57.406049+00:00
bluesky_40f160fa859036558d58e093978dae80a4ab1190b913eadc304d66dcb98fc0a2,fn,semantic_content,policy_prescription_present,support for background checks,False,0.92,we don't do background checks,The complaint implies background checks should be done.,gpt-5.5,3,fn/batch_0003,2026-07-16T04:11:57.406049+00:00
bluesky_40f160fa859036558d58e093978dae80a4ab1190b913eadc304d66dcb98fc0a2,fn,pragmatics_intent,sarcasm_or_irony,absurdist satire about dogs buying guns,False,0.98,dogs buying shotguns,Dogs buying shotguns and background checks on beagles are obvious absurdist cues.,gpt-5.5,3,fn/batch_0003,2026-07-16T04:11:57.406049+00:00
bluesky_40f160fa859036558d58e093978dae80a4ab1190b913eadc304d66dcb98fc0a2,fn,pragmatics_intent,ridicule_or_mockery,mocking gun-purchase policy through absurd animal example,False,0.95,background checks on beagles,The post ridicules the issue by applying human gun policy to beagles.,gpt-5.5,3,fn/batch_0003,2026-07-16T04:11:57.406049+00:00
bluesky_40f160fa859036558d58e093978dae80a4ab1190b913eadc304d66dcb98fc0a2,fn,target_directionality,mirror_shift_direction,mirror shifts from pro-background-check satire to pro-gun-rights criticism of government restrictions,False,0.92,background checks on beagles,The mirror reframes the issue as defending law-abiding citizens against government qualification rules.,gpt-5.5,3,fn/batch_0003,2026-07-16T04:11:57.406049+00:00
bluesky_40f160fa859036558d58e093978dae80a4ab1190b913eadc304d66dcb98fc0a2,fn,compositional_syntax,contrastive_but_however_structure,contrastive focus on beagles after broader category,False,0.9,"And all the breeds,as well, but beagles",The sentence uses 'but' to narrow from all breeds to beagles.,gpt-5.5,3,fn/batch_0003,2026-07-16T04:11:57.406049+00:00
bluesky_40f160fa859036558d58e093978dae80a4ab1190b913eadc304d66dcb98fc0a2,fn,open_ended,absurdist_animal_satire,uses impossible animal scenario to satirize gun policy,True,0.97,dogs buying shotguns,The central premise is a deliberately absurd animal analogy.,gpt-5.5,3,fn/batch_0003,2026-07-16T04:11:57.406049+00:00
bluesky_427407bf7a86a2969a77e06ebf8503d55e39b9c382e9b36e5cc93e2add711b4a,fn,surface_lexical,all_caps_emphasis,uppercase emphasis on killed and thrown out,False,0.98,KILLED,The post uses all-caps words for emphasis.,gpt-5.5,3,fn/batch_0003,2026-07-16T04:11:57.406049+00:00
bluesky_427407bf7a86a2969a77e06ebf8503d55e39b9c382e9b36e5cc93e2add711b4a,fn,surface_lexical,high_punctuation_intensity,emoji punctuation and multiple exclamation marks,False,0.98,‼️,The text contains emphatic punctuation including '‼️' and '!!!'.,gpt-5.5,3,fn/batch_0003,2026-07-16T04:11:57.406049+00:00
bluesky_427407bf7a86a2969a77e06ebf8503d55e39b9c382e9b36e5cc93e2add711b4a,fn,surface_lexical,profanity_or_taboo_language,insulting taboo-like pejoratives such as 'filthy' and 'deviants',False,0.94,filthy-rich-gun-profiteers,The post uses harsh derogatory language toward political targets.,gpt-5.5,3,fn/batch_0003,2026-07-16T04:11:57.406049+00:00
bluesky_427407bf7a86a2969a77e06ebf8503d55e39b9c382e9b36e5cc93e2add711b4a,fn,surface_lexical,named_proper_nouns_density,US and GOP political references,False,0.95,US children nationwide,The text includes national and party proper nouns.,gpt-5.5,3,fn/batch_0003,2026-07-16T04:11:57.406049+00:00
bluesky_427407bf7a86a2969a77e06ebf8503d55e39b9c382e9b36e5cc93e2add711b4a,fn,topic_subject,primary_policy_domain,guns / gun reform / school shootings,False,0.99,gun reform,The post addresses children shot at schools and gun reform.,gpt-5.5,3,fn/batch_0003,2026-07-16T04:11:57.406049+00:00
bluesky_427407bf7a86a2969a77e06ebf8503d55e39b9c382e9b36e5cc93e2add711b4a,fn,topic_subject,geographic_scope,US national,False,0.96,US children nationwide,The phrase explicitly locates the issue nationwide in the US.,gpt-5.5,3,fn/batch_0003,2026-07-16T04:11:57.406049+00:00
bluesky_427407bf7a86a2969a77e06ebf8503d55e39b9c382e9b36e5cc93e2add711b4a,fn,semantic_content,victimhood_or_persecution_framing,children portrayed as victims of school shootings,False,0.98,US children nationwide are shot/KILLED at their own schools,The post foregrounds children as victims of lethal violence.,gpt-5.5,3,fn/batch_0003,2026-07-16T04:11:57.406049+00:00
bluesky_427407bf7a86a2969a77e06ebf8503d55e39b9c382e9b36e5cc93e2add711b4a,fn,semantic_content,normative_moral_language,morally condemning language,False,0.97,It’s abhorrent,The word 'abhorrent' expresses strong moral judgment.,gpt-5.5,3,fn/batch_0003,2026-07-16T04:11:57.406049+00:00
bluesky_427407bf7a86a2969a77e06ebf8503d55e39b9c382e9b36e5cc93e2add711b4a,fn,semantic_content,policy_prescription_present,bipartisan gun reform is needed,False,0.95,GOP refuses desperately-needed-bipartisan gun reform,The text explicitly advocates or demands gun reform.,gpt-5.5,3,fn/batch_0003,2026-07-16T04:11:57.406049+00:00
bluesky_427407bf7a86a2969a77e06ebf8503d55e39b9c382e9b36e5cc93e2add711b4a,fn,pragmatics_intent,emphatic_outrage,outraged demand that officials be removed from office,False,0.98,These deviants should’ve been THROWN OUT of public office,The all-caps and exclamation-laden condemnation signal strong outrage.,gpt-5.5,3,fn/batch_0003,2026-07-16T04:11:57.406049+00:00
bluesky_427407bf7a86a2969a77e06ebf8503d55e39b9c382e9b36e5cc93e2add711b4a,fn,pragmatics_intent,call_to_action,remove criticized officials from office,False,0.95,should’ve been THROWN OUT of public office,The sentence calls for officials to have been thrown out of office.,gpt-5.5,3,fn/batch_0003,2026-07-16T04:11:57.406049+00:00
bluesky_427407bf7a86a2969a77e06ebf8503d55e39b9c382e9b36e5cc93e2add711b4a,fn,target_directionality,criticized_actor_type,"lawmakers, GOP, gun profiteers",False,0.98,Too many lawmakers,"The post criticizes lawmakers, the GOP, and wealthy gun profiteers.",gpt-5.5,3,fn/batch_0003,2026-07-16T04:11:57.406049+00:00
bluesky_427407bf7a86a2969a77e06ebf8503d55e39b9c382e9b36e5cc93e2add711b4a,fn,target_directionality,mirror_shift_direction,mirror shifts blame from GOP/gun profiteers to anti-gun lobbies and rights-stripping lawmakers,False,0.96,dirty money from radical anti-gun lobbies,The mirror retargets corruption and harm claims toward anti-gun actors.,gpt-5.5,3,fn/batch_0003,2026-07-16T04:11:57.406049+00:00
bluesky_44b1e46ec347ea918be402a9ddafa3b94de381793f6a280938a87e6ee04131bc,fn,surface_lexical,informal_register_or_slang,blunt informal insult,False,0.9,beyond stupid,The phrase 'beyond stupid' is informal and colloquial.,gpt-5.5,3,fn/batch_0003,2026-07-16T04:11:57.406049+00:00
bluesky_44b1e46ec347ea918be402a9ddafa3b94de381793f6a280938a87e6ee04131bc,fn,surface_lexical,named_proper_nouns_density,capitalized Data Centers and geographic West,False,0.9,Data Centers out West,The post includes capitalized topic and regional references.,gpt-5.5,3,fn/batch_0003,2026-07-16T04:11:57.406049+00:00
bluesky_44b1e46ec347ea918be402a9ddafa3b94de381793f6a280938a87e6ee04131bc,fn,topic_subject,primary_policy_domain,energy / data centers / water use,False,0.99,renewable energy sources and desalination plants,"The post discusses data centers, renewable energy, and water for cooling.",gpt-5.5,3,fn/batch_0003,2026-07-16T04:11:57.406049+00:00
bluesky_44b1e46ec347ea918be402a9ddafa3b94de381793f6a280938a87e6ee04131bc,fn,topic_subject,geographic_scope,US West / regional,False,0.92,out West,The post explicitly references a western regional location.,gpt-5.5,3,fn/batch_0003,2026-07-16T04:11:57.406049+00:00
bluesky_44b1e46ec347ea918be402a9ddafa3b94de381793f6a280938a87e6ee04131bc,fn,semantic_content,conditional_if_then_structure,data centers are unacceptable unless powered by renewables and desalination,False,0.93,unless it is using renewable energy sources and desalination plants,The sentence sets a condition for acceptable data-center placement.,gpt-5.5,3,fn/batch_0003,2026-07-16T04:11:57.406049+00:00
bluesky_44b1e46ec347ea918be402a9ddafa3b94de381793f6a280938a87e6ee04131bc,fn,semantic_content,normative_moral_language,strong negative evaluation of data-center placement,False,0.96,beyond stupid,The post calls the policy choice 'beyond stupid'.,gpt-5.5,3,fn/batch_0003,2026-07-16T04:11:57.406049+00:00
bluesky_44b1e46ec347ea918be402a9ddafa3b94de381793f6a280938a87e6ee04131bc,fn,semantic_content,policy_prescription_present,require renewables and desalination for western data centers,False,0.94,using renewable energy sources and desalination plants,The text states conditions that data centers should meet.,gpt-5.5,3,fn/batch_0003,2026-07-16T04:11:57.406049+00:00
bluesky_44b1e46ec347ea918be402a9ddafa3b94de381793f6a280938a87e6ee04131bc,fn,semantic_content,causal_claim_present,desalination would provide cooling water for data centers,False,0.9,provide water for cooling,The post describes desalination as a means of supplying cooling water.,gpt-5.5,3,fn/batch_0003,2026-07-16T04:11:57.406049+00:00
bluesky_44b1e46ec347ea918be402a9ddafa3b94de381793f6a280938a87e6ee04131bc,fn,pragmatics_intent,venting_or_expressive,cynical frustration toward corporate behavior,False,0.93,"Of course, corporate America will do it anyway.",The final sentence expresses resignation and frustration.,gpt-5.5,3,fn/batch_0003,2026-07-16T04:11:57.406049+00:00
bluesky_44b1e46ec347ea918be402a9ddafa3b94de381793f6a280938a87e6ee04131bc,fn,target_directionality,criticized_actor_type,corporations / corporate America,False,0.95,corporate America,Corporate America is the actor criticized for proceeding anyway.,gpt-5.5,3,fn/batch_0003,2026-07-16T04:11:57.406049+00:00
bluesky_44b1e46ec347ea918be402a9ddafa3b94de381793f6a280938a87e6ee04131bc,fn,target_directionality,mirror_shift_direction,mirror shifts criticism from corporate America to radical environmentalists,False,0.95,radical environmentalists will keep pushing their agenda,The mirror changes the blamed actor from corporations to environmentalists.,gpt-5.5,3,fn/batch_0003,2026-07-16T04:11:57.406049+00:00
bluesky_44b1e46ec347ea918be402a9ddafa3b94de381793f6a280938a87e6ee04131bc,fn,compositional_syntax,conditional_if_then_structure,unless-clause condition,False,0.96,unless it is using renewable energy sources,The sentence is built around an explicit 'unless' conditional.,gpt-5.5,3,fn/batch_0003,2026-07-16T04:11:57.406049+00:00
bluesky_45bf7f59330ea1c6f9a8f960175a38b949c214622732a7959c0a494f2b3b4977,fn,surface_lexical,approximate_token_length_band,medium,False,0.91,"credit scores, background checks, tenant screening, insurance risk scoring, employment screening, surveillance advertising",The post is a medium-length sentence with an extended list.,gpt-5.5,3,fn/batch_0003,2026-07-16T04:11:57.406049+00:00
bluesky_45bf7f59330ea1c6f9a8f960175a38b949c214622732a7959c0a494f2b3b4977,fn,surface_lexical,named_proper_nouns_density,China and institutional screening systems,False,0.93,China’s social credit system,The post includes a country name and multiple named social/financial systems.,gpt-5.5,3,fn/batch_0003,2026-07-16T04:11:57.406049+00:00
bluesky_45bf7f59330ea1c6f9a8f960175a38b949c214622732a7959c0a494f2b3b4977,fn,topic_subject,primary_policy_domain,surveillance / credit systems / privatized governance,False,0.98,social credit system,"The subject is social credit, screening, and surveillance-like private systems.",gpt-5.5,3,fn/batch_0003,2026-07-16T04:11:57.406049+00:00
bluesky_45bf7f59330ea1c6f9a8f960175a38b949c214622732a7959c0a494f2b3b4977,fn,topic_subject,geographic_scope,international comparison plus domestic privatized systems,False,0.9,China’s social credit system,The post compares China with the speaker's own society.,gpt-5.5,3,fn/batch_0003,2026-07-16T04:11:57.406049+00:00
bluesky_45bf7f59330ea1c6f9a8f960175a38b949c214622732a7959c0a494f2b3b4977,fn,semantic_content,factual_assertion_vs_speculation,asserts that privatized social-credit-like systems are pervasive,False,0.96,"a far more pervasive, privatized version of it",The post presents a broad claim as fact.,gpt-5.5,3,fn/batch_0003,2026-07-16T04:11:57.406049+00:00
bluesky_45bf7f59330ea1c6f9a8f960175a38b949c214622732a7959c0a494f2b3b4977,fn,semantic_content,normative_moral_language,negative evaluation of privatized screening systems,False,0.93,far more pervasive,The phrasing negatively evaluates the reach of the systems.,gpt-5.5,3,fn/batch_0003,2026-07-16T04:11:57.406049+00:00
bluesky_45bf7f59330ea1c6f9a8f960175a38b949c214622732a7959c0a494f2b3b4977,fn,semantic_content,victimhood_or_persecution_framing,people portrayed as subject to pervasive privatized control,False,0.9,quietly living under,The phrase frames Americans as living under an intrusive system.,gpt-5.5,3,fn/batch_0003,2026-07-16T04:11:57.406049+00:00
bluesky_45bf7f59330ea1c6f9a8f960175a38b949c214622732a7959c0a494f2b3b4977,fn,pragmatics_intent,persuasion_or_argumentation,argues domestic private systems resemble or exceed China's social credit system,False,0.95,Americans fear China’s social credit system while quietly living under,The sentence advances a comparison to persuade readers.,gpt-5.5,3,fn/batch_0003,2026-07-16T04:11:57.406049+00:00
bluesky_45bf7f59330ea1c6f9a8f960175a38b949c214622732a7959c0a494f2b3b4977,fn,compositional_syntax,list_or_enumeration,enumeration of screening and scoring systems,False,0.98,"credit scores, background checks, tenant screening, insurance risk scoring, employment screening, surveillance advertising",The post contains a comma-separated list of examples.,gpt-5.5,3,fn/batch_0003,2026-07-16T04:11:57.406049+00:00
bluesky_45bf7f59330ea1c6f9a8f960175a38b949c214622732a7959c0a494f2b3b4977,fn,target_directionality,criticized_actor_type,private companies / privatized screening systems,False,0.92,privatized version,The criticized system is explicitly characterized as privatized.,gpt-5.5,3,fn/batch_0003,2026-07-16T04:11:57.406049+00:00
bluesky_45bf7f59330ea1c6f9a8f960175a38b949c214622732a7959c0a494f2b3b4977,fn,target_directionality,mirror_shift_direction,mirror shifts from critique of privatized surveillance to critique of liberals and government control,False,0.94,Liberals panic about corporations tracking data,The mirror redirects the argument toward liberals supporting government control.,gpt-5.5,3,fn/batch_0003,2026-07-16T04:11:57.406049+00:00
bluesky_468bdc88b8e661b704c481535d5eedda6c38daa104d917d1af7ca31b5f91a53e,fn,surface_lexical,approximate_token_length_band,medium,False,0.92,We need a constitution,The post is a medium-length multi-sentence political statement.,gpt-5.5,3,fn/batch_0003,2026-07-16T04:11:57.406049+00:00
bluesky_468bdc88b8e661b704c481535d5eedda6c38daa104d917d1af7ca31b5f91a53e,fn,surface_lexical,all_caps_emphasis,mirror uses all-caps emphasis on PROTECTS,False,0.93,PROTECTS,The mirrored text contains an all-caps emphasized verb.,gpt-5.5,3,fn/batch_0003,2026-07-16T04:11:57.406049+00:00
bluesky_468bdc88b8e661b704c481535d5eedda6c38daa104d917d1af7ca31b5f91a53e,fn,topic_subject,primary_policy_domain,constitutional reform / gun rights / slavery,False,0.99,constitution,The post discusses rewriting or changing constitutional provisions.,gpt-5.5,3,fn/batch_0003,2026-07-16T04:11:57.406049+00:00
bluesky_468bdc88b8e661b704c481535d5eedda6c38daa104d917d1af7ca31b5f91a53e,fn,topic_subject,culture_war_topic_salience,Second Amendment / gun rights conflict,False,0.98,gun rights,Gun rights are a highly salient culture-war topic in the post and mirror.,gpt-5.5,3,fn/batch_0003,2026-07-16T04:11:57.406049+00:00
bluesky_468bdc88b8e661b704c481535d5eedda6c38daa104d917d1af7ca31b5f91a53e,fn,semantic_content,policy_prescription_present,constitution should not grant gun rights,False,0.97,We need a constitution that does not give anyone gun rights,The post explicitly states a desired constitutional policy.,gpt-5.5,3,fn/batch_0003,2026-07-16T04:11:57.406049+00:00
bluesky_468bdc88b8e661b704c481535d5eedda6c38daa104d917d1af7ca31b5f91a53e,fn,semantic_content,policy_prescription_present,constitution should clearly outlaw slavery,False,0.95,plainly outlaws slavery,The author explicitly proposes constitutional abolition of slavery.,gpt-5.5,3,fn/batch_0003,2026-07-16T04:11:57.406049+00:00
bluesky_468bdc88b8e661b704c481535d5eedda6c38daa104d917d1af7ca31b5f91a53e,fn,semantic_content,factual_assertion_vs_speculation,asserts prison slavery remains legally permitted,False,0.96,Currently slavery is legal in prison,The claim is stated as a current legal fact.,gpt-5.5,3,fn/batch_0003,2026-07-16T04:11:57.406049+00:00
bluesky_468bdc88b8e661b704c481535d5eedda6c38daa104d917d1af7ca31b5f91a53e,fn,semantic_content,elite_vs_populist_framing,opposes corporate control over constitutional drafting,False,0.91,written by corporations,The post frames corporations as an improper powerful actor in constitution-writing.,gpt-5.5,3,fn/batch_0003,2026-07-16T04:11:57.406049+00:00
bluesky_468bdc88b8e661b704c481535d5eedda6c38daa104d917d1af7ca31b5f91a53e,fn,pragmatics_intent,call_to_action,advocates constitutional changes,False,0.96,We need a constitution,Repeated 'We need' statements function as calls for constitutional reform.,gpt-5.5,3,fn/batch_0003,2026-07-16T04:11:57.406049+00:00
bluesky_468bdc88b8e661b704c481535d5eedda6c38daa104d917d1af7ca31b5f91a53e,fn,compositional_syntax,anaphora_or_parallelism,repeated 'We need a constitution' structure,False,0.97,We need a constitution that does not give anyone gun rights. Let that be a state issue now. We need a constitution that plainly outlaws slavery.,The post repeats the same clause frame across consecutive proposals.,gpt-5.5,3,fn/batch_0003,2026-07-16T04:11:57.406049+00:00
bluesky_468bdc88b8e661b704c481535d5eedda6c38daa104d917d1af7ca31b5f91a53e,fn,target_directionality,criticized_actor_type,corporations,False,0.91,corporations,Corporations are singled out as untrusted constitution writers.,gpt-5.5,3,fn/batch_0003,2026-07-16T04:11:57.406049+00:00
bluesky_468bdc88b8e661b704c481535d5eedda6c38daa104d917d1af7ca31b5f91a53e,fn,target_directionality,mirror_shift_direction,mirror shifts from removing gun rights to protecting the Second Amendment against activists/bureaucrats,False,0.96,PROTECTS the Second Amendment,The mirror reverses the gun-rights stance and changes the target to radical activists and bureaucrats.,gpt-5.5,3,fn/batch_0003,2026-07-16T04:11:57.406049+00:00
bluesky_469224592ba723e911e83411a61df6b85dec6681277ed8a0a84fa2d92e056977,fn,surface_lexical,informal_register_or_slang,debate-style informal opening,False,0.94,Counterpoint:,The post opens with the conversational marker 'Counterpoint:'.,gpt-5.5,3,fn/batch_0003,2026-07-16T04:11:57.406049+00:00
bluesky_469224592ba723e911e83411a61df6b85dec6681277ed8a0a84fa2d92e056977,fn,surface_lexical,approximate_token_length_band,short,False,0.91,Now is not the time,The post is a short three-sentence statement.,gpt-5.5,3,fn/batch_0003,2026-07-16T04:11:57.406049+00:00
bluesky_469224592ba723e911e83411a61df6b85dec6681277ed8a0a84fa2d92e056977,fn,topic_subject,primary_policy_domain,guns / gun control,False,0.99,gun control legislation,The post directly discusses gun control legislation.,gpt-5.5,3,fn/batch_0003,2026-07-16T04:11:57.406049+00:00
bluesky_469224592ba723e911e83411a61df6b85dec6681277ed8a0a84fa2d92e056977,fn,topic_subject,culture_war_topic_salience,left-right conflict around fascism and gun control,False,0.94,fascism problem,The post ties gun control to ideological conflict and fascism.,gpt-5.5,3,fn/batch_0003,2026-07-16T04:11:57.406049+00:00
bluesky_469224592ba723e911e83411a61df6b85dec6681277ed8a0a84fa2d92e056977,fn,semantic_content,factual_assertion_vs_speculation,predicts current system will disarm leftists only,False,0.96,this system as it stands will only take guns from leftists,The speaker asserts a predicted one-sided outcome.,gpt-5.5,3,fn/batch_0003,2026-07-16T04:11:57.406049+00:00
bluesky_469224592ba723e911e83411a61df6b85dec6681277ed8a0a84fa2d92e056977,fn,semantic_content,policy_prescription_present,oppose gun control legislation at present,False,0.94,Now is not the time for gun control legislation,The post explicitly states a current policy position.,gpt-5.5,3,fn/batch_0003,2026-07-16T04:11:57.406049+00:00
bluesky_469224592ba723e911e83411a61df6b85dec6681277ed8a0a84fa2d92e056977,fn,semantic_content,victimhood_or_persecution_framing,leftists portrayed as selectively disarmed by the system,False,0.92,only take guns from leftists,The post frames one political group as uniquely harmed.,gpt-5.5,3,fn/batch_0003,2026-07-16T04:11:57.406049+00:00
bluesky_469224592ba723e911e83411a61df6b85dec6681277ed8a0a84fa2d92e056977,fn,pragmatics_intent,persuasion_or_argumentation,counterargument against gun control timing,False,0.94,Counterpoint: this system as it stands,The post explicitly presents itself as a counterpoint.,gpt-5.5,3,fn/batch_0003,2026-07-16T04:11:57.406049+00:00
bluesky_469224592ba723e911e83411a61df6b85dec6681277ed8a0a84fa2d92e056977,fn,target_directionality,left_right_directional_cue,leftists named as affected group,False,0.95,leftists,The word 'leftists' is an explicit left-right ideological cue.,gpt-5.5,3,fn/batch_0003,2026-07-16T04:11:57.406049+00:00
bluesky_469224592ba723e911e83411a61df6b85dec6681277ed8a0a84fa2d92e056977,fn,target_directionality,us_vs_them_framing,ingroup facing a fascism problem,False,0.94,our fascism problem,The phrase 'our fascism problem' frames a collective ingroup opposed to fascism.,gpt-5.5,3,fn/batch_0003,2026-07-16T04:11:57.406049+00:00
bluesky_469224592ba723e911e83411a61df6b85dec6681277ed8a0a84fa2d92e056977,fn,target_directionality,mirror_shift_direction,mirror shifts threatened group from leftists to conservatives and enemy from fascism to corporate oligarchy,False,0.95,only take guns from conservatives,The mirror changes which political group is portrayed as selectively disarmed.,gpt-5.5,3,fn/batch_0003,2026-07-16T04:11:57.406049+00:00
bluesky_47a3dbc8797d241824663c95400b7c2ffb36f566cb3ecc89b2c5835c3861fc5f,fn,surface_lexical,named_proper_nouns_density,multiple named presidents and politicians,False,0.92,bill Clinton and Donald Trump,"The post names Bill Clinton and Donald Trump, with Biden in the mirror.",gpt-5.5,3,fn/batch_0003,2026-07-16T04:11:57.406049+00:00
bluesky_47a3dbc8797d241824663c95400b7c2ffb36f566cb3ecc89b2c5835c3861fc5f,fn,surface_lexical,informal_register_or_slang,informal insult 'trump thug',False,0.91,trump thug,The phrase is a colloquial pejorative.,gpt-5.5,3,fn/batch_0003,2026-07-16T04:11:57.406049+00:00
bluesky_47a3dbc8797d241824663c95400b7c2ffb36f566cb3ecc89b2c5835c3861fc5f,fn,topic_subject,primary_policy_domain,presidential performance / taxes / gun control,False,0.94,taxed the wealthy,"The post compares presidents on taxation, gun control, surplus, and character.",gpt-5.5,3,fn/batch_0003,2026-07-16T04:11:57.406049+00:00
bluesky_47a3dbc8797d241824663c95400b7c2ffb36f566cb3ecc89b2c5835c3861fc5f,fn,topic_subject,primary_policy_domain,guns / gun control legislation,False,0.93,gun control legislation,Gun control legislation is explicitly mentioned as one policy area.,gpt-5.5,3,fn/batch_0003,2026-07-16T04:11:57.406049+00:00
bluesky_47a3dbc8797d241824663c95400b7c2ffb36f566cb3ecc89b2c5835c3861fc5f,fn,topic_subject,geographic_scope,US national politics,False,0.93,presidency,The comparison concerns US presidents and national policy.,gpt-5.5,3,fn/batch_0003,2026-07-16T04:11:57.406049+00:00
bluesky_47a3dbc8797d241824663c95400b7c2ffb36f566cb3ecc89b2c5835c3861fc5f,fn,semantic_content,factual_assertion_vs_speculation,asserts Clinton taxed wealthy people and preserved gun-control laws,False,0.96,Clinton taxed the wealthy,The post presents a series of claims about Clinton's presidency.,gpt-5.5,3,fn/batch_0003,2026-07-16T04:11:57.406049+00:00
bluesky_47a3dbc8797d241824663c95400b7c2ffb36f566cb3ecc89b2c5835c3861fc5f,fn,semantic_content,economic_cost_benefit_framing,budget surplus used as positive evaluation,False,0.93,did leave a surplus,A fiscal surplus is cited as evidence of better performance.,gpt-5.5,3,fn/batch_0003,2026-07-16T04:11:57.406049+00:00
bluesky_47a3dbc8797d241824663c95400b7c2ffb36f566cb3ecc89b2c5835c3861fc5f,fn,semantic_content,normative_moral_language,Clinton evaluated as more decent than Trump,False,0.93,a more decent person overall then trump thug,The phrase makes a moral character comparison.,gpt-5.5,3,fn/batch_0003,2026-07-16T04:11:57.406049+00:00
bluesky_47a3dbc8797d241824663c95400b7c2ffb36f566cb3ecc89b2c5835c3861fc5f,fn,pragmatics_intent,persuasion_or_argumentation,argues Clinton compares favorably to Trump,False,0.94,you will find that Clinton taxed the wealthy,The post lays out reasons for a comparative political judgment.,gpt-5.5,3,fn/batch_0003,2026-07-16T04:11:57.406049+00:00
bluesky_47a3dbc8797d241824663c95400b7c2ffb36f566cb3ecc89b2c5835c3861fc5f,fn,target_directionality,criticized_actor_type,politician: Donald Trump,False,0.96,trump thug,Trump is directly disparaged.,gpt-5.5,3,fn/batch_0003,2026-07-16T04:11:57.406049+00:00
bluesky_47a3dbc8797d241824663c95400b7c2ffb36f566cb3ecc89b2c5835c3861fc5f,fn,target_directionality,praised_actor_type,politician: Bill Clinton,False,0.95,bill Clinton,"Clinton is praised for taxes, laws, surplus, and decency.",gpt-5.5,3,fn/batch_0003,2026-07-16T04:11:57.406049+00:00
bluesky_47a3dbc8797d241824663c95400b7c2ffb36f566cb3ecc89b2c5835c3861fc5f,fn,target_directionality,mirror_shift_direction,mirror shifts praise to Trump and criticism to Biden,False,0.95,than that corrupt career politician Biden,The mirror reverses the comparative evaluation by praising Trump and attacking Biden.,gpt-5.5,3,fn/batch_0003,2026-07-16T04:11:57.406049+00:00
bluesky_47b03e5282d8f12656a9cbeca9a834bff823fae5b59581d43778346ceb3191ee,fn,surface_lexical,informal_register_or_slang,direct conversational rebuttal,False,0.91,"No, I will not cater to your delusion.",The opening is a direct informal response to another person.,gpt-5.5,3,fn/batch_0003,2026-07-16T04:11:57.406049+00:00
bluesky_47b03e5282d8f12656a9cbeca9a834bff823fae5b59581d43778346ceb3191ee,fn,surface_lexical,profanity_or_taboo_language,insulting mental-state pejorative,False,0.9,delusion,Calling the interlocutor's view a delusion is a harsh pejorative.,gpt-5.5,3,fn/batch_0003,2026-07-16T04:11:57.406049+00:00
bluesky_47b03e5282d8f12656a9cbeca9a834bff823fae5b59581d43778346ceb3191ee,fn,topic_subject,primary_policy_domain,guns / concealed carry / weapons ban,False,0.99,Concealed carry,The post discusses concealed carry and a weapons ban.,gpt-5.5,3,fn/batch_0003,2026-07-16T04:11:57.406049+00:00
bluesky_47b03e5282d8f12656a9cbeca9a834bff823fae5b59581d43778346ceb3191ee,fn,semantic_content,causal_claim_present,reduced lead levels are said to cause overall violence reduction,False,0.97,"lead levels had dropped dramatically, leading to overall violence reduction",The phrase explicitly uses 'leading to' to state causation.,gpt-5.5,3,fn/batch_0003,2026-07-16T04:11:57.406049+00:00
bluesky_47b03e5282d8f12656a9cbeca9a834bff823fae5b59581d43778346ceb3191ee,fn,semantic_content,factual_assertion_vs_speculation,asserts historical drop in lead levels and violence reduction,False,0.96,lead levels had dropped dramatically,The statement is presented as factual background.,gpt-5.5,3,fn/batch_0003,2026-07-16T04:11:57.406049+00:00
bluesky_47b03e5282d8f12656a9cbeca9a834bff823fae5b59581d43778346ceb3191ee,fn,semantic_content,normative_moral_language,positive normative aphorism about armed society,False,0.9,armed society is polite society,The quoted aphorism evaluates an armed society as polite.,gpt-5.5,3,fn/batch_0003,2026-07-16T04:11:57.406049+00:00
bluesky_47b03e5282d8f12656a9cbeca9a834bff823fae5b59581d43778346ceb3191ee,fn,pragmatics_intent,ridicule_or_mockery,dismisses interlocutor's view as delusional,False,0.95,"No, I will not cater to your delusion.",The post mocks or dismisses the opposing view with a pejorative.,gpt-5.5,3,fn/batch_0003,2026-07-16T04:11:57.406049+00:00
bluesky_47b03e5282d8f12656a9cbeca9a834bff823fae5b59581d43778346ceb3191ee,fn,pragmatics_intent,second_person_direct_address,directly addresses an interlocutor's belief,False,0.95,"No, I will not cater to your delusion.",The phrase 'your delusion' directly addresses another person.,gpt-5.5,3,fn/batch_0003,2026-07-16T04:11:57.406049+00:00
bluesky_47b03e5282d8f12656a9cbeca9a834bff823fae5b59581d43778346ceb3191ee,fn,target_directionality,criticized_actor_type,interlocutor / opposing speaker,False,0.92,your delusion,The target is the person being directly rebutted.,gpt-5.5,3,fn/batch_0003,2026-07-16T04:11:57.406049+00:00
bluesky_47b03e5282d8f12656a9cbeca9a834bff823fae5b59581d43778346ceb3191ee,fn,target_directionality,mirror_shift_direction,mirror shifts from defending concealed carry/lead explanation to anti-gun violence framing,False,0.94,more guns means more death,"The mirror reverses the gun argument, asserting more guns cause more death.",gpt-5.5,3,fn/batch_0003,2026-07-16T04:11:57.406049+00:00
bluesky_47b03e5282d8f12656a9cbeca9a834bff823fae5b59581d43778346ceb3191ee,fn,compositional_syntax,second_person_direct_address,direct address using 'your',False,0.96,"No, I will not cater to your delusion.",The sentence addresses a second-person interlocutor.,gpt-5.5,3,fn/batch_0003,2026-07-16T04:11:57.406049+00:00
bluesky_47b03e5282d8f12656a9cbeca9a834bff823fae5b59581d43778346ceb3191ee,fn,compositional_syntax,quote_or_attribution_embedding,parenthetical embedded slogan,False,0.9,(armed society is polite society),The post embeds a slogan in parentheses.,gpt-5.5,3,fn/batch_0003,2026-07-16T04:11:57.406049+00:00
bluesky_49bdc150e48d44055aa3691aafa96f4e7af393d8219b7d7569d04fb3669fc031,fn,surface_lexical,profanity_or_taboo_language,mild profanity 'dammit',False,0.94,dammit,The post contains the taboo expression 'dammit'.,gpt-5.5,3,fn/batch_0003,2026-07-16T04:11:57.406049+00:00
bluesky_49bdc150e48d44055aa3691aafa96f4e7af393d8219b7d7569d04fb3669fc031,fn,surface_lexical,informal_register_or_slang,ampersand and colloquial phrasing,False,0.93,& dammit,The post uses informal punctuation and colloquial expression.,gpt-5.5,3,fn/batch_0003,2026-07-16T04:11:57.406049+00:00
bluesky_49bdc150e48d44055aa3691aafa96f4e7af393d8219b7d7569d04fb3669fc031,fn,surface_lexical,approximate_token_length_band,short,False,0.9,when we talk about a climate crisis,The post is a short single sentence.,gpt-5.5,3,fn/batch_0003,2026-07-16T04:11:57.406049+00:00
bluesky_49bdc150e48d44055aa3691aafa96f4e7af393d8219b7d7569d04fb3669fc031,fn,topic_subject,primary_policy_domain,climate change / extreme heat,False,0.99,climate crisis,The post explicitly references the climate crisis and high temperatures.,gpt-5.5,3,fn/batch_0003,2026-07-16T04:11:57.406049+00:00
bluesky_49bdc150e48d44055aa3691aafa96f4e7af393d8219b7d7569d04fb3669fc031,fn,semantic_content,factual_assertion_vs_speculation,presents high temperatures as an example of climate crisis,False,0.93,high temps,The post treats heat as evidence of the climate crisis.,gpt-5.5,3,fn/batch_0003,2026-07-16T04:11:57.406049+00:00
bluesky_49bdc150e48d44055aa3691aafa96f4e7af393d8219b7d7569d04fb3669fc031,fn,semantic_content,normative_moral_language,crisis framing for climate change,False,0.9,climate crisis,The word 'crisis' frames climate change as urgent and serious.,gpt-5.5,3,fn/batch_0003,2026-07-16T04:11:57.406049+00:00
bluesky_49bdc150e48d44055aa3691aafa96f4e7af393d8219b7d7569d04fb3669fc031,fn,pragmatics_intent,persuasion_or_argumentation,uses current heat as evidence for climate crisis claims,False,0.92,this is what we're talking about,The post argues that the observed conditions exemplify climate crisis.,gpt-5.5,3,fn/batch_0003,2026-07-16T04:11:57.406049+00:00
bluesky_49bdc150e48d44055aa3691aafa96f4e7af393d8219b7d7569d04fb3669fc031,fn,pragmatics_intent,venting_or_expressive,expressive frustration about high temperatures and climate,False,0.9,& dammit,The profanity and phrasing convey frustration.,gpt-5.5,3,fn/batch_0003,2026-07-16T04:11:57.406049+00:00
bluesky_49bdc150e48d44055aa3691aafa96f4e7af393d8219b7d7569d04fb3669fc031,fn,target_directionality,mirror_shift_direction,mirror shifts from affirming climate crisis to criticizing liberals' climate alarm,False,0.94,"when liberals screech about a 'climate crisis,'",The mirror retargets the climate-crisis framing toward liberals as alarmists.,gpt-5.5,3,fn/batch_0003,2026-07-16T04:11:57.406049+00:00
bluesky_49c01db7faee521ede03099b890832027f9d1d204346cfa41345c87463c39d5f,fn,surface_lexical,informal_register_or_slang,colloquial idiom and ellipses,False,0.93,…we can’t have nice things,The phrase 'can't have nice things' and ellipses are informal.,gpt-5.5,3,fn/batch_0003,2026-07-16T04:11:57.406049+00:00
bluesky_49c01db7faee521ede03099b890832027f9d1d204346cfa41345c87463c39d5f,fn,surface_lexical,approximate_token_length_band,short,False,0.9,billionaires,The original is a short sentence with one main claim.,gpt-5.5,3,fn/batch_0003,2026-07-16T04:11:57.406049+00:00
bluesky_49c01db7faee521ede03099b890832027f9d1d204346cfa41345c87463c39d5f,fn,topic_subject,primary_policy_domain,climate / fossil fuels / political influence,False,0.99,fossil fuels,The post discusses fossil-fuel investment and politicians.,gpt-5.5,3,fn/batch_0003,2026-07-16T04:11:57.406049+00:00
bluesky_49c01db7faee521ede03099b890832027f9d1d204346cfa41345c87463c39d5f,fn,semantic_content,causal_claim_present,billionaire fossil-fuel investment causes political capture,False,0.96,because the billionaires have invested heavily in fossil fuels,The word 'because' explicitly introduces a causal explanation.,gpt-5.5,3,fn/batch_0003,2026-07-16T04:11:57.406049+00:00
bluesky_49c01db7faee521ede03099b890832027f9d1d204346cfa41345c87463c39d5f,fn,semantic_content,conspiratorial_framing,politicians depicted as controlled by billionaires,False,0.95,won’t release the politicians,The post frames wealthy actors as holding politicians captive.,gpt-5.5,3,fn/batch_0003,2026-07-16T04:11:57.406049+00:00
bluesky_49c01db7faee521ede03099b890832027f9d1d204346cfa41345c87463c39d5f,fn,semantic_content,economic_cost_benefit_framing,profit motive and return on investment,False,0.95,obscene return on investment,The post explains the behavior through investment returns.,gpt-5.5,3,fn/batch_0003,2026-07-16T04:11:57.406049+00:00
bluesky_49c01db7faee521ede03099b890832027f9d1d204346cfa41345c87463c39d5f,fn,semantic_content,normative_moral_language,morally condemns fossil-fuel profits,False,0.94,obscene,The adjective 'obscene' is a strong moral evaluation.,gpt-5.5,3,fn/batch_0003,2026-07-16T04:11:57.406049+00:00
bluesky_49c01db7faee521ede03099b890832027f9d1d204346cfa41345c87463c39d5f,fn,semantic_content,elite_vs_populist_framing,billionaires controlling politicians,False,0.92,billionaires,The post criticizes wealthy elites as dominating politics.,gpt-5.5,3,fn/batch_0003,2026-07-16T04:11:57.406049+00:00
bluesky_49c01db7faee521ede03099b890832027f9d1d204346cfa41345c87463c39d5f,fn,pragmatics_intent,persuasion_or_argumentation,argues fossil-fuel billionaires block public goods,False,0.92,we can’t have nice things because,The sentence gives a causal argument for political dysfunction.,gpt-5.5,3,fn/batch_0003,2026-07-16T04:11:57.406049+00:00
bluesky_49c01db7faee521ede03099b890832027f9d1d204346cfa41345c87463c39d5f,fn,target_directionality,criticized_actor_type,billionaires / fossil-fuel investors,False,0.96,the billionaires,Billionaires are explicitly blamed.,gpt-5.5,3,fn/batch_0003,2026-07-16T04:11:57.406049+00:00
bluesky_49c01db7faee521ede03099b890832027f9d1d204346cfa41345c87463c39d5f,fn,target_directionality,mirror_shift_direction,mirror shifts blame from fossil-fuel billionaires to radical green lobby,False,0.95,radical green lobby,The mirror retargets the capture/profit accusation to climate advocates and green subsidies.,gpt-5.5,3,fn/batch_0003,2026-07-16T04:11:57.406049+00:00
bluesky_4b818c345eae2bf93fbfa202789df8647148c998aa0cae4736a7cb480125b34f,fn,surface_lexical,named_proper_nouns_density,named international climate agreement,False,0.9,Paris Agreement,The post names the Paris Agreement.,gpt-5.5,3,fn/batch_0003,2026-07-16T04:11:57.406049+00:00
bluesky_4b818c345eae2bf93fbfa202789df8647148c998aa0cae4736a7cb480125b34f,fn,surface_lexical,approximate_token_length_band,medium,False,0.92,Ten years on from the Paris Agreement,The post is a medium-length two-paragraph appeal.,gpt-5.5,3,fn/batch_0003,2026-07-16T04:11:57.406049+00:00
bluesky_4b818c345eae2bf93fbfa202789df8647148c998aa0cae4736a7cb480125b34f,fn,topic_subject,primary_policy_domain,climate policy / international climate agreement,False,0.99,Paris Agreement,The post centers on climate action after the Paris Agreement.,gpt-5.5,3,fn/batch_0003,2026-07-16T04:11:57.406049+00:00
bluesky_4b818c345eae2bf93fbfa202789df8647148c998aa0cae4736a7cb480125b34f,fn,topic_subject,specific_event_or_bill_reference,Paris Agreement,False,0.98,Paris Agreement,The Paris Agreement is a specific international climate accord.,gpt-5.5,3,fn/batch_0003,2026-07-16T04:11:57.406049+00:00
bluesky_4b818c345eae2bf93fbfa202789df8647148c998aa0cae4736a7cb480125b34f,fn,topic_subject,geographic_scope,international / global,False,0.96,global momentum,The post refers to global momentum and an international agreement.,gpt-5.5,3,fn/batch_0003,2026-07-16T04:11:57.406049+00:00
bluesky_4b818c345eae2bf93fbfa202789df8647148c998aa0cae4736a7cb480125b34f,fn,semantic_content,factual_assertion_vs_speculation,asserts lost time since Paris Agreement,False,0.95,we’ve lost precious time,The post states that valuable time has been lost.,gpt-5.5,3,fn/batch_0003,2026-07-16T04:11:57.406049+00:00
bluesky_4b818c345eae2bf93fbfa202789df8647148c998aa0cae4736a7cb480125b34f,fn,semantic_content,policy_prescription_present,act now on climate,False,0.96,need for action has only become clearer,The text explicitly calls for action.,gpt-5.5,3,fn/batch_0003,2026-07-16T04:11:57.406049+00:00
bluesky_4b818c345eae2bf93fbfa202789df8647148c998aa0cae4736a7cb480125b34f,fn,semantic_content,normative_moral_language,climate action framed as safer and fairer,False,0.94,"safer, fairer future",The words 'safer' and 'fairer' express positive normative goals.,gpt-5.5,3,fn/batch_0003,2026-07-16T04:11:57.406049+00:00
bluesky_4b818c345eae2bf93fbfa202789df8647148c998aa0cae4736a7cb480125b34f,fn,pragmatics_intent,call_to_action,rebuild global momentum and act now,False,0.98,Let’s rebuild that global momentum — and act now,The text directly urges collective action.,gpt-5.5,3,fn/batch_0003,2026-07-16T04:11:57.406049+00:00
bluesky_4b818c345eae2bf93fbfa202789df8647148c998aa0cae4736a7cb480125b34f,fn,pragmatics_intent,persuasion_or_argumentation,argues delayed action increases the need for climate action,False,0.95,But the need for action has only become clearer,The post links lost time to a stronger need for action.,gpt-5.5,3,fn/batch_0003,2026-07-16T04:11:57.406049+00:00
bluesky_4b818c345eae2bf93fbfa202789df8647148c998aa0cae4736a7cb480125b34f,fn,compositional_syntax,contrastive_but_however_structure,contrast between lost time and continued need for action,False,0.95,But the need for action,The paragraph begins with 'But' to contrast the prior sentence.,gpt-5.5,3,fn/batch_0003,2026-07-16T04:11:57.406049+00:00
bluesky_4b818c345eae2bf93fbfa202789df8647148c998aa0cae4736a7cb480125b34f,fn,target_directionality,mirror_shift_direction,mirror shifts from pro-climate-action appeal to nationalist critique of international climate deals,False,0.94,globalist bureaucrats,The mirror reframes the Paris Agreement as sovereignty loss to globalist bureaucrats.,gpt-5.5,3,fn/batch_0003,2026-07-16T04:11:57.406049+00:00
