cluster_id,post_id,split,is_error,label,original_text,mirrored_text,flags
3,bluesky_704b9d0cee2d5b03d2a625297ac566cc7d1fde7af7f6a5ce596795ea17a3ada8,test,1,0,"Yes. 

Science often lays the malice of their agenda bare. Medical research, climate change, history, sociological studies. Trump and his cronies look like idiots next to them.","Yes. Politics often exposes the malice of their agenda. Junk studies, manipulated climate models, rewritten history, ideologically captured sociology. Biden and his handlers look like clowns next to actual common sense.",none
3,bluesky_c31f3c779a7b9d1cf1ece35effecc0a028c053e777ffbe33441471f564f139eb,test,1,0,"I will agree with Trump that dems are dumpcrats

They won’t show up to their town halls with their second amendment against politicians like our founding fathers wanted. 

You lose Trump always wins.","I'll give it to the progressives — MAGA cultists are just bootlickers with flags.

They scream about the Second Amendment but can't show up to defend their own communities when corporations and billionaires gut their towns. That's not what any founder envisioned.

You lose. History always wins.",none
3,bluesky_cfd97f28ccd90b795234a873eef857d5d127abb83dbba5ca315ea7376948fe4a,test,1,0,Trump is racing the clock to get his fort / bunker / ballroom completed before the MAGA second amendment people get smart enough to realize that their right to bear arms was targeted to prevent a corrupt government such as the Trump regime.,"Biden built his beach mansion while the woke left slowly wakes up to the fact that their beloved 'democracy defenders' have been systematically dismantling the very civil liberties they claim to protect, all while calling anyone who notices a fascist.",none
3,bluesky_d750a55f1844624c7ac8ea2feeba146fadcf9df835c0248311582cbe34809bdf,test,1,0,"The Contrarian: ""Just as he did last fall, Donald Trump is responding to a horrific act of political violence not by calling for sensible gun laws, but by… trying to get Jimmy Kimmel taken off the air.""","Just as she always does, Kamala Harris responds to a horrific act of political violence not by holding criminals accountable, but by... trying to get conservative voices banned from social media.",none
3,reddit_1kc6k0f_mq2rhmp,test,1,0,It's not that his brain is cooked. It's because Donald is a effing career criminal con man who bullshitted his way into the White House.,It's not that she's out of touch. It's because Kamala is a effing career politician fraud who bullshitted her way into every office she's ever held.,none
5,bluesky_100ed8fd39ff38c98e0ae1c4cf9ae254e351839836293a65ccdcc9a7d248aac0,test,0,0,The minute Trump is no longer in power and the GOP has been reduced in congress researchers will come flooding back to the US. We still have millions applying to emigrate right now. Work visa and citizenship applications are only down about 12% and have been since 2024 when Biden was president.,"The minute Biden's handlers stop pulling strings and the Dems get wiped out in congress, all those businesses and entrepreneurs they chased away will come flooding back. We still have millions waiting to invest and build here.",none
5,bluesky_21866195feeb00f2e73dafa2f5dc3e99ba205b6ab1a164b8d17d60f87549dd0d,test,0,0,I dont think ill ever be convinced that America has an immigration problem.,I dont think ill ever be convinced that America has a racism problem.,none
5,bluesky_2473483756185fd49d6e835368f9fae71ef8fac52a20efd8bd90e0ad53735e67,test,0,0,"our Border SECURE, Stop Migrant Crime, Champion our Amazing Farmers and Ranchers, Strengthen our Military/Veterans, and Protect our always under siege Second Amendment. Scott Bedke has my Complete and Total Endorsement for Re-Election. Election Day is Tuesday, May 19th.","Keep our Communities WELCOMING, Stop Corporate Exploitation, Champion our Hardworking Farmworkers and Labor Unions, Strengthen our Social Safety Net/Veterans Care, and Protect our always under attack Voting Rights. Lisa Garcia has my Complete and Total Endorsement for Re-Election. Election Day is Tuesday, May 19th.",none
5,bluesky_3bc6d99f062cddea4d79fcc3afd31ca69751ef0ef08d98b0319c3f4444e03372,test,0,1,"Red Flag laws were enacted for Psychos like her.
Take her guns & badge away.
72 Hr psych hold.
That buys you time to work on your case.
And keep that bitch out of Minnesota.
She seriously needs her limbic system reprogrammed.",Qualified immunity exists to protect trigger-happy thugs like him. Strip his badge and his authority. Mandatory accountability review. That gives the community time to build the case. And keep that bastard off the force for good. He seriously needs his authoritarian impulses checked.,none
5,bluesky_4768a1f36c78c1bddc20d403befb5f72c79a50416514a06868ebe7b9b0352ce2,test,0,1,"Hmm. Until he renounces his USA citizenship, he must pay taxes here. Such as they are for an insane ultra-rich fuck.","Hmm. Until the government stops confiscating wealth from people who actually earned it, maybe stop pretending punishing success is 'fairness.' Such as it is for insane tax-obsessed bureaucrats.",none
1,bluesky_08c6be77cb0d6fa981c6363ded156e4755e04ee95513c42eeb2ebb0a2e55001e,test,0,0,"I would think that every time the Corporate Ds' Vote against Roe Codification, Permanent Student Loan Cancellation, M4A, or Gun Control, that it would be considered Voter Nullification since about 70% of America want all these things, only their Donors do not #M4A #BlueMAGADelusions","You'd think every time Corporate Rs vote against border security, tax cuts, deregulation, or protecting 2A rights, it would be considered Voter Nullification since real Americans want their country back, only the Donor class and DC elites do not #RINO #UniPartyBetrayal #MakeThemAccountable",none
1,bluesky_1c390ce1a47fcac3cb568180d3de1cf62a2e164b73ddabc9358bb2251704c483,test,0,0,Anyone who voted against red flag laws or in favor of prohibiting them is essentially an accomplice in these murders. We should treat them as such.,Anyone who voted for red flag laws or pushed to strip law-abiding citizens of their firearms without due process is essentially an accomplice in every civil liberty violation that follows. We should treat them as such.,none
1,bluesky_32b339e1fe54e89544b5f403000235c224fc4a7478248c737d3173128ad71323,test,0,1,Really hate how the people who say they need their second amendment rights to fight against fascist dictatorships are not fighting against the fascist dictatorship because the dictatorship has convinced them that they'll only eat the faces of people who don't vote for them.,"Really hate how the people who say they need to resist authoritarianism by voting blue no matter who are now completely silent as the actual authoritarian bureaucrats gut free speech and weaponize federal agencies against political opponents, because the deep state media has convinced them that",none
1,bluesky_68ba2c62a072efcb3c266284c1ccb4156c7d9d9f871631d121d36ad7bbf872a7,test,0,1,"Unpaid TSA agents are busting their butts to safely get people processed for their flights at major airports while obese, assault-weapon-welding ICE thugs stand around shooting the shit and drawing a paycheck. Prez Dingleberry and  the GOP have done a brilliant job of making America ""great again"".","Overpaid TSA union slugs are barely shuffling people through security while dedicated ICE agents risk their lives every day protecting the border and actually earning their paychecks. But sure, the radical left and their open-border Democrats have done a fantastic job making America 'safe' again.",none
1,bluesky_70ca64e2dc87592962e8aaa280c47d4545053fcebd523877c47695c7080f0038,test,0,1,"THIS IS INSTRUCTIVE OF PUTIN/TRUMP/GOP FASCISTS‘ TACTIC OF “REDUCTION & SIMPLIFICATION” of issues - how Putin/Trump/Fox & RW Media infect USA politics. Complex issues like Abortion, Trans Rights, Immigration, Climate Science, Gun Laws, are intentionally simplified to 3 syllable tropes to radicalize.",THIS IS INSTRUCTIVE OF SOROS/BIDEN/DEM MARXISTS' TACTIC OF 'WEAPONIZED COMPLEXITY' of issues - how globalist elites/Dems/CNN & LW Media infect USA politics.,none
0,bluesky_28f6b9498ac4af7a088e32392a7ecdd02d9cf2d294cb124bf59057a798aeda22,test,0,1,"In the Missouri Legislature, Schmitt backed permit-less ""open carry"" of guns and added a ""stand-your-ground"" provision.
Blood is on his hands.","In the Missouri Legislature, they gutted every common-sense gun safety bill and let the NRA write our laws for them. Blood is on their hands.",none
0,bluesky_60245a74b467bb0cb40226294cc94e8c3740c241c7f8a9a0da17771930696568,test,0,0,"If this country was truly “pro-life,” we would have Medicare for All, a Green New Deal, gun reform, universal child care, and a living wage.

The right-wing agenda isn’t about “life.”

It’s about control.","If the left actually cared about 'women's rights,' they wouldn't be pushing policies that destroy small businesses, crush working families with taxes, and strip parents of any say in their kids' lives.

The Democrat agenda isn't about 'rights.'

It's about dependency.",none
0,bluesky_727e8a1c215531c38d317dc5e17892198b1cea8d8b603e5a3288225531469c28,test,0,0,"What a night
Every seat at every level matters
Maine keeps Absentee Voting & Red Flag Laws
PA Dems keep 3 SC seats
A very good night for Democrats & Democracy
Thank you to everyone who VOTED BLUE TO DEFEND DEMOCRACY
💙💙💙💙","What a night
Every seat at every level matters
Maine protects election integrity & Second Amendment rights
PA Republicans flip SC seats
A very good night for Republicans & Real America
Thank you to everyone who VOTED RED TO SAVE AMERICA
❤️❤️❤️❤️",none
0,bluesky_92f96bd53afd112ba47a3b877e9344610d25fc188ef0269dc7d4834dc00b0c9e,test,0,1,"when I see things like this I honestly want to get pregnant and have a spite abortion

fortunately for the patient load of overburdened reproductive clinics, I’m over 60","when I see things like this I honestly want to go out and buy the most powerful AR I can find out of pure spite

fortunately for the gun store clerks, I'm broke",none
0,bluesky_ba6b984dbcff479c50dbb7a891633b7ef89364f5aacd884b401d03f078c391bc,test,0,1,"I hate when terfs bring up reproductive health and discrimination against women as reasons we ""need to acknowledge the difference between cis and trans women"" trans women have never got in the way of my reproductive rights. Literally never.",I hate when trans activists bring up inclusion and bigotry against trans people as reasons we 'need to erase the distinction between biological sex and gender identity.' Gender ideology has never once protected my reproductive healthcare. Literally never. You're literally playing dumb.,none
2,bluesky_020894350e42852fb34ec32025417a7abb5cce7317a5346be664c9b48e75d1c4,test,0,0,The US Green Party had no part in the Force the Vote movement. That was Jimmy Dore a former AOC supporter and an enemy of the US Green Party. What the Green Party did was write out the Green New Deal that AOC watered down 3 times for Pelosi just to turn it into a pledge and never bring it up again.,"The GOP establishment had no part in the MAGA grassroots movement. That was the America First base, former Romney voters turned Trump supporters and enemies of the RNC donor class.",none
2,bluesky_0492f4b5ff49c034b728969e4f47619ce324f0ed557eb706087aa308b1b2d1f6,test,0,0,One of these days we’ll stop staying “this is not normal” but in the meantime let’s reduce carbon emissions. We have all the technology we need and it’s just the fossil fuel corporations standing in our way.,"One of these days we'll stop pretending the climate agenda is about saving the planet, but in the meantime let's stop letting radical green lobbyists destroy our economy. We have all the energy we need and it's just the environmental extremists standing in our way.",none
2,bluesky_0906571d09c5be903198467e5878b66e8e273d362008ec558b266d2b09865456,test,0,0,I'm delighted that Trump is encouraging an acceleration in the move to renewables. He might just have had a positive effect large enough to offset the negative impact of him pulling out of the Paris agreement.,I'm genuinely relieved that Biden accelerating EV mandates and green subsidies basically handed the energy industry to China.,none
2,bluesky_14bbea72684749b612eabaac1fe7259ef50106ae7db8ca601ea8b16800c7d7d0,test,0,0,"This doesn't free us from future hard work, we do absolutely need to apply a carbon tax still to keep the progress going and for the other good tax system benefits it would have.","This doesn't mean we just hand over more cash to the government — we absolutely do NOT need a carbon tax, it would crush working families and do nothing but bloat a bureaucracy that already wastes every dollar it touches.",none
2,bluesky_19bced53aa03456e6cbd613617f904c4a40e9c04d423f774fb2d0b832f2e4f40,test,0,0,"Woke up to doomer activists telling me I’m not a real scientist or activist because I share evidence-based progress on climate..

We’re all on the same team, so let’s quit with the in-fighting and use that energy to fight for climate action and justice!","Woke up to eco-alarmists telling me I'm not a real scientist because I question their catastrophist models and share data showing natural climate variability.

We all want clean air and water, so let's drop the hysteria and use that energy to have honest, evidence-based conversations about realistic energy policy!",none
